Quadro T400 HP 2Gb (340K8AA) OEM ,9920, https://brigo.ru/professionalnaya-videokarta-nvidia-quadro-t400-hp-2gb-340k8aa-oem-267125.html , https://brigo.ru/upload/iblock/994/lceclsn1cs8crha4mrk7mcl1bvzyx7wg/1102656.jpg ," PCI-E 3.0, ядро - 1070 МГц, Boost - 1425 МГц, память - 2 Гб GDDR6 4000 МГц, 64 бит, 3xMini DisplayPort, OEM"
Quadro P400 PNY PCI-E 2048Mb (VCQP400DVIV2BLK-1) OEM ,10710, https://brigo.ru/professionalnaya-videokarta-nvidia-quadro-p400-pny-pci-e-2048mb-vcqp400dviv2blk-1-oem-251305.html , https://brigo.ru/upload/iblock/0bf/1081725.jpg ," PCI-E 3.0, ядро - 1070 МГц, Boost - 1170 МГц, память - 2 Гб GDDR5 4000 МГц, 64 бит, 3xMini DisplayPort, OEM"
Quadro P400 PNY PCI-E 2048Mb (VCQP400V2BLK-1) OEM ,10710, https://brigo.ru/professionalnaya-videokarta-nvidia-quadro-p400-pny-pci-e-2048mb-vcqp400v2blk-1-oem-251306.html , https://brigo.ru/upload/iblock/69a/1082155.jpg ," PCI-E 3.0, память - 2 Гб GDDR5, 64 бит, 3xMini DisplayPort, OEM"
Radeon Pro WX 2100 Dell PCI-E 2048Mb (490-BDZR) ,10760, https://brigo.ru/professionalnaya-videokarta-amd-radeon-pro-wx-2100-dell-pci-e-2048mb-490-bdzr-201030.html , https://brigo.ru/upload/iblock/3a3/1026148.jpg ," PCI-E 3.0, ядро - 1219 МГц, память - 2 Гб GDDR5 6000 МГц, 64 бит, DisplayPort, 2xMini DisplayPort, Retail"
Quadro T400 PNY 2Gb (VCNT400-BLK) OEM ,11760, https://brigo.ru/professionalnaya-videokarta-nvidia-quadro-t400-pny-2gb-vcnt400-blk-oem-267126.html , https://brigo.ru/upload/iblock/8cd/1vhqo2ttmrj83a7921d60ygbyv6w05q4/1102657.jpg ," PCI-E 3.0, ядро - 1070 МГц, Boost - 1425 МГц, память - 2 Гб GDDR6 4000 МГц, 64 бит, 3xMini DisplayPort, OEM"
Quadro T400 PNY 2Gb (VCNT400BLK-1) OEM ,12000, https://brigo.ru/professionalnaya-videokarta-nvidia-quadro-t400-pny-2gb-vcnt400blk-1-oem-267127.html , https://brigo.ru/upload/iblock/610/qvv5nwse9ybgf98ejx0f7aj1mouhexr8/1102658.jpg ," PCI-E 3.0, ядро - 1070 МГц, Boost - 1425 МГц, память - 2 Гб GDDR6 4000 МГц, 64 бит, 3xMini DisplayPort, OEM"
Quadro T400 PNY 2Gb (VCNT400-PB) ,12180, https://brigo.ru/professionalnaya-videokarta-nvidia-quadro-t400-pny-2gb-vcnt400-pb-267128.html , https://brigo.ru/upload/iblock/06f/0idjvbhk1olt7s6zk3h7zw5vo1vxbjhy/1102821.jpg ," PCI-E 3.0, ядро - 1070 МГц, Boost - 1425 МГц, память - 2 Гб GDDR6 4000 МГц, 64 бит, 3xMini DisplayPort, Retail"
E-2124 OEM ,13280, https://brigo.ru/protsessor-intel-xeon-e-2124-oem-213716.html , https://brigo.ru/upload/iblock/ebf/1039511.jpg ," Socket 1151, 4-ядерный, 3300 МГц, Coffee Lake, Кэш L2 - 1 Мб, Кэш L3 - 8 Мб, 14 нм, 71 Вт"
Pro WX 3100 HP 4Gb (2TF08AA) ,14140, https://brigo.ru/professionalnaya-videokarta-radeon-pro-wx-3100-hp-4gb-2tf08aa-262275.html , https://brigo.ru/upload/iblock/c5f/1096704.jpg ," PCI-E 3.0, ядро - 1219 МГц, память - 4 Гб GDDR5 6000 МГц, 128 бит, DisplayPort, 2xMini DisplayPort, Retail"
Quadro P620 PNY PCI-E 2048Mb (VCQP620V2-BLK) OEM ,14810, https://brigo.ru/professionalnaya-videokarta-nvidia-quadro-p620-pny-pci-e-2048mb-vcqp620v2-blk-oem-254694.html , https://brigo.ru/upload/iblock/1ae/1089795.jpg ," PCI-E 3.0, память - 2 Гб GDDR5, 128 бит, 4xMini DisplayPort, OEM"
E5-2603 v3 OEM ,15640, https://brigo.ru/processor-intel-xeon-e5-2603-v3-oem-107547.html , https://brigo.ru/upload/iblock/ec9/945575.jpg ," Socket 2011-3, 6-ядерный, 1600 МГц, Haswell-EP, Кэш L2 - 1536 Кб, Кэш L3 - 15360 Кб, 22 нм, 85 Вт"
Pro WX 3200 Dell PCI-E 4096Mb (490-BFQS) ,16000, https://brigo.ru/professionalnaya-videokarta-radeon-pro-wx-3200-dell-pci-e-4096mb-490-bfqs-254615.html , https://brigo.ru/upload/iblock/bc6/1088077.jpg ," PCI-E 3.0, память - 4 Гб GDDR5, 128 бит, 4xMini DisplayPort, Retail"
E5-2603 v4 OEM ,16120, https://brigo.ru/protsessor-intel-xeon-e5-2603-v4-oem-213719.html , https://brigo.ru/upload/iblock/5fc/1040792.jpg ," Socket 2011-3, 6-ядерный, 1700 МГц, Broadwell-EP, Кэш L2 - 1.5 Мб, Кэш L3 - 15 Мб, 14 нм, 85 Вт"
Pro WX 3200 Dell PCI-E 4096Mb (490-BFQR) ,17090, https://brigo.ru/professionalnaya-videokarta-radeon-pro-wx-3200-dell-pci-e-4096mb-490-bfqr-254614.html , https://brigo.ru/upload/iblock/530/1087996.jpg ," PCI-E 3.0, память - 4 Гб GDDR5, 128 бит, 4xMini DisplayPort, Retail"
E3-1220 v6 OEM ,17610, https://brigo.ru/processor-intel-xeon-e3-1220-v6-oem-174404.html , https://brigo.ru/upload/iblock/7df/998832.jpg ," Socket 1151, 4-ядерный, 3000 МГц, Kaby Lake-S, Кэш L2 - 1 Мб, Кэш L3 - 8 Мб, 14 нм, 72 Вт"
E3-1220 v5 OEM ,17910, https://brigo.ru/processor-intel-xeon-e3-1220-v5-oem-150761.html , https://brigo.ru/upload/iblock/9f2/945369.jpg ," Socket 1151, 4-ядерный, 3000 МГц, Skylake, Кэш L2 - 1024 Кб, Кэш L3 - 8192 Кб, 14 нм, 80 Вт"
Quadro P620 PNY PCI-E 2048Mb (VCQP620DVIV2BLK-1) OEM ,18030, https://brigo.ru/professionalnaya-videokarta-nvidia-quadro-p620-pny-pci-e-2048mb-vcqp620dviv2blk-1-oem-248595.html , https://brigo.ru/upload/iblock/253/1080179.jpg ," PCI-E 3.0, память - 2 Гб GDDR5, 128 бит, 4xMini DisplayPort, OEM"
Quadro P620 PNY PCI-E 2048Mb (VCQP620V2BLK-1) OEM ,18430, https://brigo.ru/professionalnaya-videokarta-nvidia-quadro-p620-pny-pci-e-2048mb-vcqp620v2blk-1-oem-251309.html , https://brigo.ru/upload/iblock/e45/1082341.jpg ," PCI-E 3.0, память - 2 Гб GDDR5, 128 бит, 4xMini DisplayPort, OEM"
Quadro P620 PNY 2Gb (VCQP620V2-SB) RTL ,18430, https://brigo.ru/professionalnaya-videokarta-nvidia-quadro-p620-pny-2gb-vcqp620v2-sb-rtl-259297.html , https://brigo.ru/upload/iblock/2d3/1094209.jpg ," PCI-E 3.0, память - 2 Гб GDDR5, 128 бит, 4xMini DisplayPort, Retail"
Bronze 3204 OEM ,19350, https://brigo.ru/protsessor-intel-xeon-bronze-3204-oem-232075.html , https://brigo.ru/upload/iblock/f45/1060124.jpg ," Socket 3647, 6-ядерный, 1900 МГц, Skylake-SP, Кэш L2 - 6 Мб, Кэш L3 - 11 Мб, 14 нм, 85 Вт"
E3-1220 v6 BOX ,19560, https://brigo.ru/processor-intel-xeon-e3-1220-v6-box-186097.html , https://brigo.ru/upload/iblock/420/998798.jpg ," Socket 1151, 4-ядерный, 3000 МГц, Kaby Lake-S, Кэш L2 - 1 Мб, Кэш L3 - 8 Мб, 14 нм, 72 Вт"
E3-1225 v6 OEM ,20270, https://brigo.ru/processor-intel-xeon-e3-1225-v6-oem-174405.html , https://brigo.ru/upload/iblock/b64/998833.jpg ," Socket 1151, 4-ядерный, 3300 МГц, Kaby Lake-S, Кэш L2 - 1 Мб, Кэш L3 - 8 Мб, 14 нм, 73 Вт"
E5-2609 v4 OEM ,21540, https://brigo.ru/processor-intel-xeon-e5-2609-v4-oem-148569.html , https://brigo.ru/upload/iblock/192/945377.jpg ," Socket 2011-3, 8-ядерный, 1700 МГц, Broadwell-EP, Кэш L2 - 2048 Кб, Кэш L3 - 20480 Кб, 14 нм, 85 Вт"
Xeon E-2224 (338-BUIY) ,22430, https://brigo.ru/servernyy-protsessor-dell-xeon-e-2224-338-buiy-265838.html , https://brigo.ru/upload/iblock/cab/1100733.jpg ," Socket 1151v2, 4-ядерный, 3400 МГц, Coffee Lake-ER, Кэш L2 - 1 Мб, Кэш L3 - 8 Мб, 14 нм, 71 Вт"
E-2126G OEM ,22570, https://brigo.ru/protsessor-intel-xeon-e-2126g-oem-225257.html , https://brigo.ru/upload/iblock/6c5/1052736.jpg ," Socket 1151, 6-ядерный, 3300 МГц, Coffee Lake, Кэш L2 - 1.5 Мб, Кэш L3 - 12 Мб, 14 нм, 80 Вт"
Xeon Bronze 3204 (338-BSDV) ,22630, https://brigo.ru/servernyy-protsessor-dell-xeon-bronze-3204-338-bsdv-258322.html , https://brigo.ru/upload/iblock/892/1092072.jpg ," Socket 3647, 6-ядерный, 1900 МГц, Skylake-SP, Кэш L2 - 1 Мб, Кэш L3 - 8.25 Мб, 14 нм, 85 Вт"
E3-1230 v6 OEM ,22800, https://brigo.ru/processor-intel-xeon-e3-1230-v6-oem-174406.html , https://brigo.ru/upload/iblock/7f2/998834.jpg ," Socket 1151, 4-ядерный, 3500 МГц, Kaby Lake-S, Кэш L2 - 1 Мб, Кэш L3 - 8 Мб, 14 нм, 72 Вт"
E3-1240 v6 OEM ,23550, https://brigo.ru/processor-intel-xeon-e3-1240-v6-oem-174407.html , https://brigo.ru/upload/iblock/8e2/998835.jpg ," Socket 1151, 4-ядерный, 3700 МГц, Kaby Lake-S, Кэш L2 - 1 Мб, Кэш L3 - 8 Мб, 14 нм, 72 Вт"
E5-2620 v3 OEM ,23560, https://brigo.ru/processor-intel-xeon-e5-2620-v3-oem-107549.html , https://brigo.ru/upload/iblock/3aa/945576.jpg ," Socket 2011-3, 6-ядерный, 2400 МГц, Haswell-EP, Кэш L2 - 1536 Кб, Кэш L3 - 15360 Кб, 22 нм, 85 Вт"
E3-1230 v6 BOX ,24180, https://brigo.ru/processor-intel-xeon-e3-1230-v6-box-186099.html , https://brigo.ru/upload/iblock/0d9/998800.jpg ," Socket 1151, 4-ядерный, 3500 МГц, Kaby Lake-S, Кэш L2 - 1 Мб, Кэш L3 - 8 Мб, 14 нм, 72 Вт"
M9128-E1024LAF ,24880, https://brigo.ru/professionalnaja-videokarta-matrox-m9128-e1024laf-76703.html , https://brigo.ru/upload/iblock/173/867595.jpg ," память: 1024 Мб, GDDR2, 64 бит, DisplayPort x2, Low Profile"
Xeon Bronze 3204 (338-BSDQ) ,25500, https://brigo.ru/servernyy-protsessor-dell-xeon-bronze-3204-338-bsdq-243367.html , https://brigo.ru/upload/iblock/f79/1071645.jpg ," Socket 3647, 6-ядерный, 1900 МГц, Skylake-SP, Кэш L2 - 6 Мб, Кэш L3 - 11 Мб, 14 нм, 85 Вт"
E3-1240 v6 BOX ,26450, https://brigo.ru/processor-intel-xeon-e3-1240-v6-box-186100.html , https://brigo.ru/upload/iblock/4ad/998801.jpg ," Socket 1151, 4-ядерный, 3700 МГц, Kaby Lake-S, Кэш L2 - 1 Мб, Кэш L3 - 8 Мб, 14 нм, 72 Вт"
Xeon W-2223 OEM ,26560, https://brigo.ru/servernyy-protsessor-intel-xeon-w-2223-oem-250750.html , https://brigo.ru/upload/iblock/8c6/1080200.jpg ," Socket 2066, 4-ядерный, 3600 МГц, Glacier Falls W, Кэш L2 - 4 Мб, Кэш L3 - 8.25 Мб, 14 нм, 120 Вт"
E3-1245 v6 OEM ,26790, https://brigo.ru/processor-intel-xeon-e3-1245-v6-oem-174408.html , https://brigo.ru/upload/iblock/87b/998836.jpg ," Socket 1151, 4-ядерный, 3700 МГц, Kaby Lake-S, Кэш L2 - 1 Мб, Кэш L3 - 8 Мб, 14 нм, 73 Вт"
E5-2620 v4 OEM ,28100, https://brigo.ru/processor-intel-xeon-e5-2620-v4-oem-150141.html , https://brigo.ru/upload/iblock/9dd/945360.jpg ," Socket 2011-3, 8-ядерный, 2100 МГц, Broadwell-EP, Кэш L2 - 2048 Кб, Кэш L3 - 20480 Кб, 14 нм, 85 Вт"
E5-2630 v3 OEM ,28950, https://brigo.ru/processor-intel-xeon-e5-2630-v3-oem-107550.html , https://brigo.ru/upload/iblock/a70/945568.jpg ," Socket 2011-3, 8-ядерный, 2400 МГц, Haswell-EP, Кэш L2 - 2048 Кб, Кэш L3 - 20480 Кб, 22 нм, 85 Вт"
E3-1270 v6 OEM ,29170, https://brigo.ru/processor-intel-xeon-e3-1270-v6-oem-174409.html , https://brigo.ru/upload/iblock/bde/998837.jpg ," Socket 1151, 4-ядерный, 3800 МГц, Kaby Lake-S, Кэш L2 - 1 Мб, Кэш L3 - 8 Мб, 14 нм, 72 Вт"
Xeon Bronze 3206R OEM ,29320, https://brigo.ru/servernyy-protsessor-intel-xeon-bronze-3206r-oem-252232.html , https://brigo.ru/upload/iblock/3a3/1082573.jpg ," Socket 3647, 8-ядерный, 1900 МГц, Skylake-SP, Кэш L2 - 8 Мб, Кэш L3 - 11 Мб, 14 нм, 85 Вт"
Xeon E-2274G OEM ,29720, https://brigo.ru/servernyy-protsessor-intel-xeon-e-2274g-oem-243371.html , https://brigo.ru/upload/iblock/e25/1071755.jpg ," Socket 1151v2, 4-ядерный, 4000 МГц, Coffee Lake-ER, Кэш L2 - 1 Мб, Кэш L3 - 8 Мб, 14 нм, 83 Вт"
Quadro T1000 HP 4Gb (20X22AA) ,30690, https://brigo.ru/professionalnaya-videokarta-nvidia-quadro-t1000-hp-4gb-20x22aa-267120.html , https://brigo.ru/upload/iblock/040/ymtboqgvissn3rwo8gbyi1w65j5yu82d/1102940.jpg ," PCI-E 3.0, память - 4 Гб GDDR6, 128 бит, 4xMini DisplayPort, Retail"
Quadro T1000 PNY 4Gb (VCNT1000-SB) OEM ,33600, https://brigo.ru/professionalnaya-videokarta-nvidia-quadro-t1000-pny-4gb-vcnt1000-sb-oem-267124.html , https://brigo.ru/upload/iblock/da7/7tjq178q9yquv6x202ahaspwyvvoauj7/1103256.jpg ," PCI-E 3.0, память - 4 Гб GDDR6, 128 бит, 4xMini DisplayPort, OEM"
E5-2630 v4 OEM ,34490, https://brigo.ru/processor-intel-xeon-e5-2630-v4-oem-144628.html , https://brigo.ru/upload/iblock/1b7/945434.jpg ," Socket 2011-3, 10-ядерный, 2200 МГц, Broadwell-EP, Кэш L2 - 2560 Кб, Кэш L3 - 25600 Кб, 14 нм, 85 Вт"
Xeon E-2174G (338-BPZB) ,34590, https://brigo.ru/servernyy-protsessor-dell-xeon-e-2174g-338-bpzb-273974.html , https://brigo.ru/upload/iblock/665/ylfuqtc3oibvxmpxpcog4do2cjzo61e3/1109998.jpg ," Socket 1151, 4-ядерный, 3800 МГц, Coffee Lake, Кэш L2 - 2 Мб, Кэш L3 - 8 Мб, 14 нм, 71 Вт"
Silver 4108 OEM ,35770, https://brigo.ru/processor-intel-xeon-silver-4108-oem-186121.html , https://brigo.ru/upload/iblock/26d/998822.jpg ," Socket 3647, 8-ядерный, 1800 МГц, Skylake-SP, Кэш L2 - 8 Мб, Кэш L3 - 11 Мб, 14 нм, 85 Вт"
Quadro T1000 PNY 4Gb (VCNT1000BLK-1/VCQT1000ATX) OEM ,37800, https://brigo.ru/professionalnaya-videokarta-nvidia-quadro-t1000-pny-4gb-vcnt1000blk-1-vcqt1000atx-oem-267122.html , https://brigo.ru/upload/iblock/b17/s10oyntw7oera6z2wm7ogj5ihslyoc8e/1102654.jpg ," PCI-E 3.0, память - 4 Гб GDDR6, 128 бит, 4xMini DisplayPort, OEM"
Quadro T1000 PNY 4Gb (VCNT1000-PB) ,38560, https://brigo.ru/professionalnaya-videokarta-nvidia-quadro-t1000-pny-4gb-vcnt1000-pb-267123.html , https://brigo.ru/upload/iblock/7a8/stt1xqzo1r6e7jv168yx3s2cqu97b62g/1102655.jpg ," PCI-E 3.0, память - 4 Гб GDDR6, 128 бит, 4xMini DisplayPort, Retail"
Xeon W-2225 OEM ,40210, https://brigo.ru/servernyy-protsessor-intel-xeon-w-2225-oem-250751.html , https://brigo.ru/upload/iblock/a52/1079947.jpg ," Socket 2066, 4-ядерный, 4100 МГц, Glacier Falls W, Кэш L2 - 4 Мб, Кэш L3 - 8.25 Мб, 14 нм, 105 Вт"
Silver 4208 OEM ,41140, https://brigo.ru/protsessor-intel-xeon-silver-4208-oem-232083.html , https://brigo.ru/upload/iblock/19b/1060117.jpg ," Socket 3647, 8-ядерный, 2100 МГц, Cascade Lake-SP, Кэш L2 - 8 Мб, Кэш L3 - 11 Мб, 14 нм, 85 Вт"
Xeon Silver 4210 OEM ,41910, https://brigo.ru/protsessor-intel-xeon-silver-4210-oem-232084.html , https://brigo.ru/upload/iblock/908/1060126.jpg ," Socket 3647, 10-ядерный, 2200 МГц, Cascade Lake-SP, Кэш L2 - 10 Мб, Кэш L3 - 14 Мб, 14 нм, 85 Вт"
Silver 4112 OEM ,42900, https://brigo.ru/processor-intel-xeon-silver-4112-oem-186123.html , https://brigo.ru/upload/iblock/d0d/998824.jpg ," Socket 3647, 4-ядерный, 2600 МГц, Skylake-SP, Кэш L2 - 4 Мб, Кэш L3 - 8.25 Мб, 14 нм, 85 Вт"
Silver 4110 OEM ,43150, https://brigo.ru/processor-intel-xeon-silver-4110-oem-186122.html , https://brigo.ru/upload/iblock/d1d/998823.jpg ," Socket 3647, 8-ядерный, 2100 МГц, Skylake-SP, Кэш L2 - 8 Мб, Кэш L3 - 11 Мб, 14 нм, 85 Вт"
Xeon Silver 4210R OEM ,44220, https://brigo.ru/servernyy-protsessor-intel-xeon-silver-4210r-oem-253158.html , https://brigo.ru/upload/iblock/651/1086747.jpg ," Socket 3647, 10-ядерный, 2400 МГц, Cascade Lake-SP, Кэш L2 - 10 Мб, Кэш L3 - 14 Мб, 14 нм, 100 Вт"
G10 Xeon Silver 4208 Kit (P02571-B21) ,45110, https://brigo.ru/protsessor-hp-dl360-g10-xeon-silver-4208-kit-p02571-b21-232074.html , https://brigo.ru/upload/iblock/31d/1060617.jpg ," Socket 3647, 8-ядерный, 2100 МГц, Cascade Lake-SP, Кэш L2 - 8 Мб, Кэш L3 - 11 Мб, 14 нм, 85 Вт"
Silver 4114 OEM ,45760, https://brigo.ru/processor-intel-xeon-silver-4114-oem-186124.html , https://brigo.ru/upload/iblock/fbb/998825.jpg ," Socket 3647, 10-ядерный, 2200 МГц, Skylake-SP, Кэш L2 - 10 Мб, Кэш L3 - 13.75 Мб, 14 нм, 85 Вт"
Silver 4114 (02311XKL) ,45980, https://brigo.ru/protsessor-huawei-xeon-silver-4114-02311xkl-197307.html , https://brigo.ru/upload/iblock/b63/1013063.jpg ," Socket 3647, 10-ядерный, 2200 МГц, Skylake-SP, Кэш L2 - 10 Мб, Кэш L3 - 13.75 Мб, 14 нм, 85 Вт"
E5-2640 v4 OEM ,46600, https://brigo.ru/processor-intel-xeon-e5-2640-v4-oem-149249.html , https://brigo.ru/upload/iblock/b37/945356.jpg ," Socket 2011-3, 10-ядерный, 2400 МГц, Broadwell-EP, Кэш L2 - 2560 Кб, Кэш L3 - 25600 Кб, 14 нм, 90 Вт"
ThinkSystem ST550 Xeon Silver 4210 (4XG7A14811) ,46830, https://brigo.ru/servernyy-protsessor-lenovo-thinksystem-st550-xeon-silver-4210-4xg7a14811-250702.html , https://brigo.ru/upload/iblock/424/1080276.jpg ," Socket 3647, 10-ядерный, 2200 МГц, Cascade Lake-SP, Кэш L2 - 10 Мб, Кэш L3 - 14 Мб, 14 нм, 85 Вт"
DL160 G10 Xeon Silver 4208 Kit (P11125-B21) ,48340, https://brigo.ru/servernyy-protsessor-hp-dl160-g10-xeon-silver-4208-kit-p11125-b21-247460.html , https://brigo.ru/upload/iblock/f11/1076326.jpg ," Socket 3647, 8-ядерный, 2100 МГц, Cascade Lake-SP, Кэш L2 - 8 Мб, Кэш L3 - 11 Мб, 14 нм, 85 Вт"
SR530 Xeon Silver 4208 (4XG7A37936) ,49700, https://brigo.ru/protsessor-lenovo-thinksystem-sr530-xeon-silver-4208-4xg7a37936-232088.html , https://brigo.ru/upload/iblock/90a/1059140.jpg ," Socket 3647, 8-ядерный, 2100 МГц, Cascade Lake-SP, Кэш L2 - 8 Мб, Кэш L3 - 11 Мб, 14 нм, 85 Вт"
Xeon W-2235 OEM ,50070, https://brigo.ru/servernyy-protsessor-intel-xeon-w-2235-oem-250752.html , https://brigo.ru/upload/iblock/bb5/1080658.jpg ," Socket 2066, 6-ядерный, 3800 МГц, Glacier Falls W, Кэш L2 - 6 Мб, Кэш L3 - 8.25 Мб, 14 нм, 130 Вт"
Silver 4214 OEM ,51900, https://brigo.ru/protsessor-intel-xeon-silver-4214-oem-227914.html , https://brigo.ru/upload/iblock/eb2/1055504.jpg ," Socket 3647, 12-ядерный, 2200 МГц, Cascade Lake-SP, Кэш L2 - 12 Мб, Кэш L3 - 16.5 Мб, 14 нм, 85 Вт"
SR550 Xeon Silver 4208 (4XG7A37935) ,52080, https://brigo.ru/protsessor-lenovo-thinksystem-sr550-xeon-silver-4208-4xg7a37935-232091.html , https://brigo.ru/upload/iblock/049/1059936.jpg ," Socket 3647, 8-ядерный, 2100 МГц, Cascade Lake-SP, Кэш L2 - 8 Мб, Кэш L3 - 11 Мб, 14 нм, 85 Вт"
Xeon Silver 4210R (338-BVKD) ,52100, https://brigo.ru/servernyy-protsessor-dell-xeon-silver-4210r-338-bvkd-261717.html , https://brigo.ru/upload/iblock/157/1095543.jpg ," Socket 3647, 10-ядерный, 2400 МГц, Cascade Lake-SP, Кэш L2 - 10 Мб, Кэш L3 - 14 Мб, 14 нм, 100 Вт"
Xeon Silver 4208 (338-BSWX) ,52710, https://brigo.ru/servernyy-protsessor-dell-xeon-silver-4208-338-bswx-252826.html , https://brigo.ru/upload/iblock/08a/1086741.jpg ," Socket 3647, 8-ядерный, 2100 МГц, Cascade Lake-SP, Кэш L2 - 8 Мб, Кэш L3 - 11 Мб, 14 нм, 85 Вт"
E5-2650 v4 OEM ,52910, https://brigo.ru/processor-intel-xeon-e5-2650-v4-oem-146958.html , https://brigo.ru/upload/iblock/1f5/945424.jpg ," Socket 2011-3, 12-ядерный, 2200 МГц, Broadwell-EP, Кэш L2 - 3072 Кб, Кэш L3 - 30720 Кб, 14 нм, 105 Вт"
DL160 G10 Xeon Silver 4210R Kit (P21191-B21) ,53120, https://brigo.ru/servernyy-protsessor-hpe-dl160-g10-xeon-silver-4210r-kit-p21191-b21-265749.html , https://brigo.ru/upload/iblock/e06/1100510.jpg ," Socket 3647, 10-ядерный, 2400 МГц, Cascade Lake-SP, Кэш L2 - 10 Мб, Кэш L3 - 14 Мб, 14 нм, 100 Вт"
DL180 G10 Xeon Silver 4210R Kit (P21198-B21) ,53190, https://brigo.ru/servernyy-protsessor-hpe-dl180-g10-xeon-silver-4210r-kit-p21198-b21-261653.html , https://brigo.ru/upload/iblock/26f/1095548.jpg ," Socket 3647, 10-ядерный, 2400 МГц, Cascade Lake-SP, Кэш L2 - 10 Мб, Кэш L3 - 14 Мб, 14 нм, 100 Вт"
Silver 4215 OEM ,55380, https://brigo.ru/protsessor-intel-xeon-silver-4215-oem-234102.html , https://brigo.ru/upload/iblock/b01/1062129.jpg ," Socket 3647, 8-ядерный, 2500 МГц, Cascade Lake-SP, Кэш L2 - 8 Мб, Кэш L3 - 11 Мб, 14 нм, 85 Вт"
ThinkSystem SR550/SR590/SR650 Xeon Silver 4210R (4XG7A37981) ,56660, https://brigo.ru/servernyy-protsessor-lenovo-thinksystem-sr550-sr590-sr650-xeon-silver-4210r-4xg7a37981-261757.html , https://brigo.ru/upload/iblock/caa/1095622.jpg ," Socket 3647, 10-ядерный, 2400 МГц, Cascade Lake-SP, Кэш L2 - 10 Мб, Кэш L3 - 14 Мб, 14 нм, 100 Вт"
Xeon Silver 4214R OEM ,57280, https://brigo.ru/servernyy-protsessor-intel-xeon-silver-4214r-oem-252533.html , https://brigo.ru/upload/iblock/56c/1086752.jpg ," Socket 3647, 12-ядерный, 2400 МГц, Cascade Lake-SP, Кэш L2 - 12 Мб, Кэш L3 - 16.5 Мб, 14 нм, 100 Вт"
Xeon Silver 4210R (4XG7A37988) ,59700, https://brigo.ru/servernyy-protsessor-lenovo-xeon-silver-4210r-4xg7a37988-258337.html , https://brigo.ru/upload/iblock/3f6/1092075.jpg ," Socket 3647, 10-ядерный, 2400 МГц, Cascade Lake-SP, Кэш L2 - 10 Мб, Кэш L3 - 14 Мб, 14 нм, 100 Вт"
E5-2680 v4 OEM ,62070, https://brigo.ru/protsessor-intel-xeon-e5-2680-v4-oem-213721.html , https://brigo.ru/upload/iblock/3a3/1040793.jpg ," Socket 2011-3, 14-ядерный, 2400 МГц, Broadwell-EP, Кэш L2 - 3.5 Мб, Кэш L3 - 35 Мб, 14 нм, 120 Вт"
ThinkSystem ST550/ST558 Xeon Silver 4210R (4XG7A37995) ,62300, https://brigo.ru/servernyy-protsessor-lenovo-thinksystem-st550-st558-xeon-silver-4210r-4xg7a37995-258336.html , https://brigo.ru/upload/iblock/13c/1092085.jpg ," Socket 3647, 10-ядерный, 2400 МГц, Cascade Lake-SP, Кэш L2 - 10 Мб, Кэш L3 - 14 Мб, 14 нм, 100 Вт"
G10 Xeon Silver 4210 Kit (P02574-B21) ,63370, https://brigo.ru/protsessor-hp-dl360-g10-xeon-silver-4210-kit-p02574-b21-232067.html , https://brigo.ru/upload/iblock/70d/1060134.jpg ," Socket 3647, 10-ядерный, 2200 МГц, Cascade Lake-SP, Кэш L2 - 10 Мб, Кэш L3 - 14 Мб, 14 нм, 85 Вт"
DL360 G10 Xeon Silver 4210R (P15974-B21) ,64670, https://brigo.ru/servernyy-protsessor-hpe-dl360-g10-xeon-silver-4210r-p15974-b21-254361.html , https://brigo.ru/upload/iblock/f58/1087010.jpg ," Socket 3647, 10-ядерный, 2400 МГц, Cascade Lake-SP, Кэш L2 - 10 Мб, Кэш L3 - 14 Мб, 14 нм, 100 Вт"
Silver 4114 (338-BLTV) ,65310, https://brigo.ru/protsessor-dell-xeon-silver-4114-338-bltv-197300.html , https://brigo.ru/upload/iblock/448/1013056.jpg ," Socket 3647, 10-ядерный, 2200 МГц, Skylake-SP, Кэш L2 - 10 Мб, Кэш L3 - 13.75 Мб, 14 нм, 85 Вт"
DL380 G10 Xeon Silver 4210R Kit (P23549-B21) ,65360, https://brigo.ru/servernyy-protsessor-hp-dl380-g10-xeon-silver-4210r-kit-p23549-b21-252229.html , https://brigo.ru/upload/iblock/798/1082709.jpg ," Socket 3647, 10-ядерный, 2400 МГц, Cascade Lake-SP, Кэш L2 - 10 Мб, Кэш L3 - 14 Мб, 14 нм, 100 Вт"
Xeon Silver 4214R (338-BVJX) ,67750, https://brigo.ru/servernyy-protsessor-dell-xeon-silver-4214r-338-bvjx-273979.html , https://brigo.ru/upload/iblock/f03/4hn2b7m2980xlaufjabub9clq4qhhvwo/1108492.jpg ," Socket 3647, 12-ядерный, 2400 МГц, Cascade Lake-SP, Кэш L2 - 12 Мб, Кэш L3 - 16.5 Мб, 14 нм, 100 Вт"
Xeon Silver 4215R OEM ,68650, https://brigo.ru/servernyy-protsessor-intel-xeon-silver-4215r-oem-252235.html , https://brigo.ru/upload/iblock/07d/1082719.jpg ," Socket 3647, 8-ядерный, 3200 МГц, Cascade Lake-SP, Кэш L2 - 8 Мб, Кэш L3 - 11 Мб, 14 нм, 130 Вт"
E5-2630 v4 (338-BJDG) ,69720, https://brigo.ru/processor-dell-xeon-e5-2630-v4-338-bjdg-159045.html , https://brigo.ru/upload/iblock/cc9/983272.jpg ," Socket 2011-3, 10-ядерный, 2200 МГц, Broadwell-EP, Кэш L2 - 2.5 Мб, Кэш L3 - 25 Мб, 14 нм, 85 Вт"
EPYC 7232P OEM ,73570, https://brigo.ru/servernyy-protsessor-amd-epyc-7232p-oem-247449.html , https://brigo.ru/upload/iblock/854/1076434.jpg ," Socket SP3, 8-ядерный, 3100 МГц, Rome, Кэш L2 - 4 Мб, Кэш L3 - 32 Мб, 14 нм, 120 Вт"
Silver 4214 (338-BSDR) ,73740, https://brigo.ru/protsessor-dell-xeon-silver-4214-338-bsdr-232058.html , https://brigo.ru/upload/iblock/cfe/1059040.jpg ," Socket 3647, 12-ядерный, 2200 МГц, Cascade Lake-SP, Кэш L2 - 12 Мб, Кэш L3 - 16.5 Мб, 14 нм, 85 Вт"
DL160 G10 Xeon Silver 4214R Kit (P21192-B21) ,75390, https://brigo.ru/servernyy-protsessor-hpe-dl160-g10-xeon-silver-4214r-kit-p21192-b21-261651.html , https://brigo.ru/upload/iblock/21c/1095064.jpg ," Socket 3647, 12-ядерный, 2400 МГц, Cascade Lake-SP, Кэш L2 - 12 Мб, Кэш L3 - 16.5 Мб, 14 нм, 100 Вт"
Silver 4216 OEM ,76150, https://brigo.ru/protsessor-intel-xeon-silver-4216-oem-232085.html , https://brigo.ru/upload/iblock/f30/1060136.jpg ," Socket 3647, 16-ядерный, 2100 МГц, Cascade Lake-SP, Кэш L2 - 16 Мб, Кэш L3 - 22 Мб, 14 нм, 85 Вт"
E5-2680 v3 OEM ,76530, https://brigo.ru/processor-intel-xeon-e5-2680-v3-oem-107556.html , https://brigo.ru/upload/iblock/87d/945569.jpg ," Socket 2011-3, 12-ядерный, 2500 МГц, Haswell-EP, Кэш L2 - 3072 Кб, Кэш L3 - 30720 Кб, 22 нм, 120 Вт"
G10 Xeon Silver 4214 Kit (P02493-B21) ,85490, https://brigo.ru/protsessor-hp-dl380-g10-xeon-silver-4214-kit-p02493-b21-232072.html , https://brigo.ru/upload/iblock/aec/1060590.jpg ," Socket 3647, 12-ядерный, 2200 МГц, Cascade Lake-SP, Кэш L2 - 12 Мб, Кэш L3 - 16.5 Мб, 14 нм, 85 Вт"
Silver 4116 (338-BLTW) ,91200, https://brigo.ru/protsessor-dell-xeon-silver-4116-338-bltw-205458.html , https://brigo.ru/upload/iblock/bc0/1029125.jpg ," Socket 3647, 12-ядерный, 2100 МГц, Skylake-SP, Кэш L2 - 12 Мб, Кэш L3 - 16.5 Мб, 14 нм, 85 Вт"
Quadro RTX4000 PNY 8Gb (VCQRTX4000-BLK) OEM ,91500, https://brigo.ru/professionalnaya-videokarta-nvidia-quadro-rtx4000-pny-8gb-vcqrtx4000-blk-oem-267113.html , https://brigo.ru/upload/iblock/180/v91iayhy89qkvn3nl0wqo73quqdthq7m/1102938.jpg ," PCI-E 3.0, ядро - 1215 МГц, Boost - 1710 МГц, память - 8 Гб GDDR6 13000 МГц, 256 бит, 3xDisplayPort, USB Type-C, OEM"
DL360 G10 Xeon Silver 4214R Kit (P15977-B21) ,92680, https://brigo.ru/servernyy-protsessor-hp-dl360-g10-xeon-silver-4214r-kit-p15977-b21-252228.html , https://brigo.ru/upload/iblock/079/1082527.jpg ," Socket 3647, 12-ядерный, 2400 МГц, Cascade Lake-SP, Кэш L2 - 12 Мб, Кэш L3 - 16.5 Мб, 14 нм, 100 Вт"
Quadro RTX4000 PNY PCI-E 8192Mb (VCQRTX4000-BSP) ,93370, https://brigo.ru/professionalnaya-videokarta-nvidia-quadro-rtx4000-pny-pci-e-8192mb-vcqrtx4000-bsp-223136.html , https://brigo.ru/upload/iblock/2b7/1050810.jpg ," PCI-E 3.0, память - 8 Гб GDDR6, 256 бит, 3xDisplayPort, USB Type-C, Retail"
Quadro RTX4000 PNY PCI-E 8192Mb (VCQRTX4000BLK-1) OEM ,95050, https://brigo.ru/professionalnaya-videokarta-nvidia-quadro-rtx4000-pny-pci-e-8192mb-vcqrtx4000blk-1-oem-223135.html , https://brigo.ru/upload/iblock/eca/1052837.jpg ," PCI-E 3.0, память - 8 Гб GDDR6, 256 бит, 3xDisplayPort, USB Type-C, OEM"
Quadro RTX4000 PNY 8Gb (VCQRTX4000-SB) OEM ,95500, https://brigo.ru/professionalnaya-videokarta-nvidia-quadro-rtx4000-pny-8gb-vcqrtx4000-sb-oem-267114.html , https://brigo.ru/upload/iblock/b28/0fo5fyje1576frljgibd33p5791b273v/1102818.jpg ," PCI-E 3.0, ядро - 1215 МГц, Boost - 1710 МГц, память - 8 Гб GDDR6 13000 МГц, 256 бит, 3xDisplayPort, USB Type-C, OEM"
E5-2680 v4 (338-BJEV) ,99580, https://brigo.ru/protsessor-dell-xeon-e5-2680-v4-338-bjev-197292.html , https://brigo.ru/upload/iblock/bab/1013047.jpg ," Socket 2011-3, 14-ядерный, 2400 МГц, Broadwell-EP, Кэш L2 - 3.5 Мб, Кэш L3 - 35 Мб, 14 нм, 120 Вт"
Quadro RTX4000 8Gb (900-5G160-2550-000) OEM ,100080, https://brigo.ru/professionalnaya-videokarta-nvidia-quadro-rtx4000-8gb-900-5g160-2550-000-oem-267112.html , https://brigo.ru/upload/iblock/6c9/2lg1o3a43k2tlssukeap6w2u0dikvvz0/1102817.jpg ," PCI-E 3.0, ядро - 1215 МГц, Boost - 1710 МГц, память - 8 Гб GDDR6 13000 МГц, 256 бит, 3xDisplayPort, USB Type-C, OEM"
Gold 5215 (338-BSDS) ,119530, https://brigo.ru/protsessor-dell-xeon-gold-5215-338-bsds-232059.html , https://brigo.ru/upload/iblock/637/1058979.jpg ," Socket 3647, 10-ядерный, 2500 МГц, Cascade Lake-SP, Кэш L2 - 10 Мб, Кэш L3 - 13.75 Мб, 14 нм, 85 Вт"
Gold 6226 OEM ,121380, https://brigo.ru/protsessor-intel-xeon-gold-6226-oem-240113.html , https://brigo.ru/upload/iblock/279/1069086.jpg ," Socket 3647, 12-ядерный, 2700 МГц, Skylake-SP, Кэш L2 - 12 Мб, Кэш L3 - 19.25 Мб, 14 нм, 125 Вт"
Gold 5118 (338-BLTZ) ,129870, https://brigo.ru/protsessor-dell-xeon-gold-5118-338-bltz-205446.html , https://brigo.ru/upload/iblock/c2d/1029076.jpg ," Socket 3647, 12-ядерный, 2300 МГц, Skylake-SP, Кэш L2 - 12 Мб, Кэш L3 - 16.5 Мб, 14 нм, 105 Вт"
Gold 5120 (338-BLUX) ,130510, https://brigo.ru/protsessor-dell-xeon-gold-5120-338-blux-205448.html , https://brigo.ru/upload/iblock/fa4/1029101.jpg ," Socket 3647, 14-ядерный, 2200 МГц, Skylake-SP, Кэш L2 - 14 Мб, Кэш L3 - 19.25 Мб, 14 нм, 105 Вт"
DL160 G10 Xeon Gold 5218 Kit (P11132-B21) ,131540, https://brigo.ru/servernyy-protsessor-hpe-dl160-g10-xeon-gold-5218-kit-p11132-b21-273691.html , https://brigo.ru/upload/iblock/062/xkprqzyzal18k0olsh2aal3q08o7es18/1108291.jpg ," Socket 3647, 16-ядерный, 2300 МГц, Cascade Lake-SP, Кэш L2 - 16 Мб, Кэш L3 - 22 Мб, 14 нм, 125 Вт"
DL180 G10 Xeon Gold 5218 Kit (P11154-B21) ,134700, https://brigo.ru/servernyy-protsessor-hpe-dl180-g10-xeon-gold-5218-kit-p11154-b21-261652.html , https://brigo.ru/upload/iblock/316/1096027.jpg ," Socket 3647, 16-ядерный, 2300 МГц, Cascade Lake-SP, Кэш L2 - 16 Мб, Кэш L3 - 22 Мб, 14 нм, 125 Вт"
Gold 5220 OEM ,138450, https://brigo.ru/protsessor-intel-xeon-gold-5220-oem-232081.html , https://brigo.ru/upload/iblock/8fa/1060003.jpg ," Socket 3647, 18-ядерный, 2200 МГц, Cascade Lake-SP, Кэш L2 - 18 Мб, Кэш L3 - 25 Мб, 14 нм, 125 Вт"
DL360 G10 Xeon Gold 5222 Kit (P02709-B21) ,145250, https://brigo.ru/servernyy-protsessor-hp-dl360-g10-xeon-gold-5222-kit-p02709-b21-247463.html , https://brigo.ru/upload/iblock/ad3/1076250.jpg ," Socket 3647, 4-ядерный, 3800 МГц, Cascade Lake-SP, Кэш L2 - 18 Мб, Кэш L3 - 25 Мб, 14 нм, 105 Вт"
Gold 5217 (338-BSDK) ,148050, https://brigo.ru/protsessor-dell-xeon-gold-5217-338-bsdk-232055.html , https://brigo.ru/upload/iblock/712/1060589.jpg ," Socket 3647, 8-ядерный, 3000 МГц, Cascade Lake-SP, Кэш L2 - 8 Мб, Кэш L3 - 11 Мб, 14 нм, 115 Вт"
Xeon Gold 6330 OEM ,158280, https://brigo.ru/servernyy-protsessor-intel-xeon-gold-6330-oem-272639.html , https://brigo.ru/upload/iblock/b68/xogm9pblvhoseplmcjrun6nb4mr17vsl/1107674.jpg ," Socket 4189, 28-ядерный, 2000 МГц, 205 Вт"
Xeon Gold 5220 (338-BSDI) ,162690, https://brigo.ru/servernyy-protsessor-dell-xeon-gold-5220-338-bsdi-247456.html , https://brigo.ru/upload/iblock/cb3/1075557.jpg ," Socket 3647, 18-ядерный, 2200 МГц, Cascade Lake-SP, Кэш L2 - 18 Мб, Кэш L3 - 25 Мб, 14 нм, 125 Вт"
Gold 6130 OEM ,163150, https://brigo.ru/processor-intel-xeon-gold-6130-oem-186112.html , https://brigo.ru/upload/iblock/286/998813.jpg ," Socket 3647, 16-ядерный, 2100 МГц, Skylake-SP, Кэш L2 - 16 Мб, Кэш L3 - 22 Мб, 14 нм, 125 Вт"
Xeon Gold 6240 (338-BSGN) ,164370, https://brigo.ru/servernyy-protsessor-dell-xeon-gold-6240-338-bsgn-273977.html , https://brigo.ru/upload/iblock/433/ff4ul53qdsg3r3ro6sqc6ra3lk06tm4o/1112657.jpg ," Socket 3647, 18-ядерный, 2600 МГц, Cascade Lake-SP, Кэш L2 - 18 Мб, Кэш L3 - 24.75 Мб, 14 нм, 150 Вт"
Gold 6126 (374-BBNT) ,166630, https://brigo.ru/protsessor-dell-xeon-gold-6126-374-bbnt-240099.html , https://brigo.ru/upload/iblock/201/1067956.jpg ," Socket 3647, 12-ядерный, 2600 МГц, Skylake-SP, Кэш L2 - 12 Мб, Кэш L3 - 19.25 Мб, 14 нм, 125 Вт"
Gold 6148 OEM ,176020, https://brigo.ru/processor-intel-xeon-gold-6148-oem-189902.html , https://brigo.ru/upload/iblock/5d0/1002956.jpg ," 20-ядерный, 2400 МГц, Skylake-SP, 14 нм, 150 Вт"
EPYC 7343 OEM ,176960, https://brigo.ru/servernyy-protsessor-amd-epyc-7343-oem-273680.html , https://brigo.ru/upload/iblock/4c3/s5u3pkc3sqc1d68v3ndg62gzdts5z57w/1108290.jpg ," Socket SP3, 16-ядерный, 3200 МГц, Milan, Кэш L2 - 8 Мб, Кэш L3 - 128 Мб, 7 нм, 190 Вт"
DL360 G10 Xeon Gold 5220R Kit (P15995-B21) ,181450, https://brigo.ru/servernyy-protsessor-hpe-dl360-g10-xeon-gold-5220r-kit-p15995-b21-258325.html , https://brigo.ru/upload/iblock/02c/1091990.jpg ," Socket 3647, 24-ядерный, 2200 МГц, Cascade Lake-SP, Кэш L2 - 24 Мб, Кэш L3 - 35.75 Мб, 14 нм, 150 Вт"
Quadro RTX5000 PNY PCI-E 16384Mb (VCQRTX5000BLK-1) OEM ,186280, https://brigo.ru/professionalnaya-videokarta-nvidia-quadro-rtx5000-pny-pci-e-16384mb-vcqrtx5000blk-1-oem-254697.html , https://brigo.ru/upload/iblock/bf1/1087997.jpg ," PCI-E 3.0, память - 16 Гб GDDR6, 256 бит, 4xDisplayPort, USB Type-C, OEM"
Gold 6142 OEM ,197440, https://brigo.ru/processor-intel-xeon-gold-6142-oem-186118.html , https://brigo.ru/upload/iblock/c65/998819.jpg ," Socket 3647, 16-ядерный, 2600 МГц, Skylake-SP, Кэш L2 - 16 Мб, Кэш L3 - 22 Мб, 14 нм, 150 Вт"
G10 Xeon Gold 5118 Kit (860663-B21) ,198910, https://brigo.ru/protsessor-hp-dl360-g10-xeon-gold-5118-kit-860663-b21-206879.html , https://brigo.ru/upload/iblock/1c9/1031607.jpg ," Socket 3647, 12-ядерный, 2300 МГц, Skylake-SP, Кэш L2 - 12 Мб, Кэш L3 - 16.5 Мб, 14 нм, 105 Вт"
Gold 6130 (374-BBNW) ,205740, https://brigo.ru/protsessor-dell-xeon-gold-6130-374-bbnw-215496.html , https://brigo.ru/upload/iblock/212/1044759.jpg ," Socket 3647, 16-ядерный, 2100 МГц, Skylake-SP, Кэш L2 - 16 Мб, Кэш L3 - 22 Мб, 14 нм, 125 Вт"
Quadro RTX5000 PNY 16Gb (VCQRTX5000-SB) OEM ,209690, https://brigo.ru/professionalnaya-videokarta-nvidia-quadro-rtx5000-pny-16gb-vcqrtx5000-sb-oem-267117.html , https://brigo.ru/upload/iblock/4c9/mhpsms16rrgmph512ov2326f48gcnmqe/1102627.jpg ," PCI-E 3.0, память - 16 Гб GDDR6, 256 бит, 4xDisplayPort, USB Type-C, OEM"
DL380 G10 Xeon Gold 6226R Kit (P24467-B21) ,209840, https://brigo.ru/servernyy-protsessor-hpe-dl380-g10-xeon-gold-6226r-kit-p24467-b21-258327.html , https://brigo.ru/upload/iblock/2f1/1092679.jpg ," Socket 3647, 16-ядерный, 2900 МГц, Cascade Lake-SP, Кэш L2 - 12 Мб, Кэш L3 - 19.25 Мб, 14 нм, 150 Вт"
DL360 G10 Xeon Gold 6226R Kit (P24481-B21) ,209840, https://brigo.ru/servernyy-protsessor-hpe-dl360-g10-xeon-gold-6226r-kit-p24481-b21-261654.html , https://brigo.ru/upload/iblock/804/1095549.jpg ," Socket 3647, 16-ядерный, 2900 МГц, Cascade Lake-SP, Кэш L2 - 12 Мб, Кэш L3 - 19.25 Мб, 14 нм, 150 Вт"
EPYC 7F32 OEM ,216200, https://brigo.ru/servernyy-protsessor-amd-epyc-7f32-oem-265745.html , https://brigo.ru/upload/iblock/2f1/1100798.jpg ," Socket SP3, 8-ядерный, 3700 МГц, Rome, Кэш L2 - 4 Мб, Кэш L3 - 128 Мб, 7 нм, 180 Вт"
Quadro RTX5000 PNY PCI-E 16384Mb (VCQRTX5000-PB) ,218250, https://brigo.ru/professionalnaya-videokarta-nvidia-quadro-rtx5000-pny-pci-e-16384mb-vcqrtx5000-pb-221116.html , https://brigo.ru/upload/iblock/3ef/1049381.jpg ," PCI-E 3.0, память - 16 Гб GDDR6, 256 бит, 4xDisplayPort, USB Type-C, Retail"
Gold 6248 OEM ,220560, https://brigo.ru/protsessor-intel-xeon-gold-6248-oem-234106.html , https://brigo.ru/upload/iblock/b05/1062249.jpg ," Socket 3647, 20-ядерный, 2500 МГц, Skylake-SP, Кэш L2 - 20 Мб, Кэш L3 - 27.5 Мб, 14 нм, 150 Вт"
Xeon Gold 6238R OEM ,225760, https://brigo.ru/servernyy-protsessor-intel-xeon-gold-6238r-oem-253228.html , https://brigo.ru/upload/iblock/138/1086536.jpg ," Socket 3647, 28-ядерный, 2200 МГц, Cascade Lake-SP, Кэш L2 - 28 Мб, Кэш L3 - 38.5 Мб, 14 нм, 165 Вт"
EPYC 72F3 OEM ,256020, https://brigo.ru/servernyy-protsessor-amd-epyc-72f3-oem-273679.html , https://brigo.ru/upload/iblock/702/0y6d5rypdt1pdxirujmnksq8luom24s9/1108672.jpg ," Socket SP3, 8-ядерный, 3700 МГц, Milan, Кэш L2 - 4 Мб, Кэш L3 - 256 Мб, 7 нм, 180 Вт"
EPYC 7F72 OEM ,271680, https://brigo.ru/servernyy-protsessor-amd-epyc-7f72-oem-258321.html , https://brigo.ru/upload/iblock/908/1092001.jpg ," Socket SP3, 24-ядерный, 3200 МГц, Rome, Кэш L3 - 192 Мб, 7 нм, 240 Вт"
Xeon Gold 6252 OEM ,280680, https://brigo.ru/servernyy-protsessor-intel-xeon-gold-6252-oem-247469.html , https://brigo.ru/upload/iblock/1da/1076821.jpg ," Socket 3647, 24-ядерный, 2100 МГц, Cascade Lake-SP, Кэш L2 - 24 Мб, Кэш L3 - 35 Мб, 14 нм, 150 Вт"
7501 OEM ,283150, https://brigo.ru/protsessor-amd-epyc-7501-oem-215490.html , https://brigo.ru/upload/iblock/f6c/1044674.jpg ," Socket SP3, 32-ядерный, 2000 МГц, Naples, Кэш L2 - 16 Мб, Кэш L3 - 64 Мб, 14 нм, 170 Вт"
EPYC 7532 OEM ,284680, https://brigo.ru/servernyy-protsessor-amd-epyc-7532-oem-265742.html , https://brigo.ru/upload/iblock/6f5/1099296.jpg ," Socket SP3, 32-ядерный, 2400 МГц, Rome, Кэш L2 - 16 Мб, Кэш L3 - 256 Мб, 7 нм, 200 Вт"
EPYC 7F52 OEM ,305060, https://brigo.ru/servernyy-protsessor-amd-epyc-7f52-oem-261641.html , https://brigo.ru/upload/iblock/ca0/1095063.jpg ," Socket SP3, 16-ядерный, 3500 МГц, Rome, Кэш L2 - 8 Мб, Кэш L3 - 256 Мб, 7 нм, 240 Вт"
Xeon Gold 6238R (338-BVKU) ,335350, https://brigo.ru/servernyy-protsessor-dell-xeon-gold-6238r-338-bvku-265842.html , https://brigo.ru/upload/iblock/411/1100809.jpg ," Socket 3647, 28-ядерный, 2200 МГц, Cascade Lake-SP, Кэш L2 - 28 Мб, Кэш L3 - 38.5 Мб, 14 нм, 165 Вт"
Quadro RTX6000 PNY 24Gb (VCQRTX6000-SB) OEM ,340330, https://brigo.ru/professionalnaya-videokarta-nvidia-quadro-rtx6000-pny-24gb-vcqrtx6000-sb-oem-267119.html , https://brigo.ru/upload/iblock/c11/am8hmzpxud53ih3kanxa27b9b24v8dur/1102939.jpg ," PCI-E 3.0, ядро - 1440 МГц, Boost - 1770 МГц, память - 24 Гб GDDR6 14000 МГц, 384 бит, 4xDisplayPort, USB Type-C, OEM"
Quadro RTX6000 Dell PCI-E 24576Mb (490-BFCZ) ,341150, https://brigo.ru/professionalnaya-videokarta-nvidia-quadro-rtx6000-dell-pci-e-24576mb-490-bfcz-226241.html , https://brigo.ru/upload/iblock/b4e/1054259.jpg ," PCI-E 3.0, память - 24 Гб GDDR6, 384 бит, 4xDisplayPort, USB Type-C, Retail"
EPYC 7542 OEM ,349740, https://brigo.ru/servernyy-protsessor-amd-epyc-7542-oem-247452.html , https://brigo.ru/upload/iblock/de5/1076521.jpg ," Socket SP3, 32-ядерный, 2900 МГц, Rome, Кэш L2 - 16 Мб, Кэш L3 - 128 Мб, 7 нм, 225 Вт"
Xeon Gold 6256 OEM ,351430, https://brigo.ru/servernyy-protsessor-intel-xeon-gold-6256-oem-264911.html , https://brigo.ru/upload/iblock/469/1098667.jpg ," Socket 3647, 12-ядерный, 3600 МГц, Cascade Lake-SP, Кэш L2 - 12 Мб, Кэш L3 - 33 Мб, 14 нм, 205 Вт"
Quadro RTX6000 PNY PCI-E 24576Mb (VCQRTX6000-BSP) ,352900, https://brigo.ru/professionalnaya-videokarta-nvidia-quadro-rtx6000-pny-pci-e-24576mb-vcqrtx6000-bsp-223139.html , https://brigo.ru/upload/iblock/431/1052838.jpg ," PCI-E 3.0, память - 24 Гб GDDR6, 384 бит, 4xDisplayPort, USB Type-C, Retail"
EPYC 7543 OEM ,368970, https://brigo.ru/servernyy-protsessor-amd-epyc-7543-oem-273683.html , https://brigo.ru/upload/iblock/ade/ago6mslbk2uqd5ue4wd5nphwey5vzatk/1109451.jpg ," Socket SP3, 32-ядерный, 2800 МГц, Milan, Кэш L2 - 16 Мб, Кэш L3 - 256 Мб, 7 нм, 240 Вт"
Quadro RTX6000 PNY 24Gb (VCQRTX6000-BLK) OEM ,370730, https://brigo.ru/professionalnaya-videokarta-nvidia-quadro-rtx6000-pny-24gb-vcqrtx6000-blk-oem-267118.html , https://brigo.ru/upload/iblock/7ac/sz5lt0rzxlgd3of7cu3v2nt4qczkfy4i/1102819.jpg ," PCI-E 3.0, ядро - 1440 МГц, Boost - 1770 МГц, память - 24 Гб GDDR6 14000 МГц, 384 бит, 4xDisplayPort, USB Type-C, OEM"
Xeon Gold 6238 (338-BTSZ) ,390120, https://brigo.ru/servernyy-protsessor-dell-xeon-gold-6238-338-btsz-265841.html , https://brigo.ru/upload/iblock/c4d/1101178.jpg ," Socket 3647, 22-ядерный, 2100 МГц, Cascade Lake-SP, Кэш L2 - 22 Мб, Кэш L3 - 30.25 Мб, 14 нм, 140 Вт"
EPYC 7642 OEM ,390290, https://brigo.ru/servernyy-protsessor-amd-epyc-7642-oem-258320.html , https://brigo.ru/upload/iblock/5ed/1092093.jpg ," Socket SP3, 48-ядерный, 2300 МГц, Rome, Кэш L2 - 24 Мб, Кэш L3 - 256 Мб, 7 нм, 225 Вт"
Quadro RTX6000 PNY PCI-E 24576Mb (VCQRTX6000-PB) ,421440, https://brigo.ru/professionalnaya-videokarta-nvidia-quadro-rtx6000-pny-pci-e-24576mb-vcqrtx6000-pb-223140.html , https://brigo.ru/upload/iblock/4c3/1052882.jpg ," PCI-E 3.0, память - 24 Гб GDDR6, 384 бит, 4xDisplayPort, USB Type-C, Retail"
Quadro RTX A6000 HP 48Gb (2S6U3AA) ,422630, https://brigo.ru/professionalnaya-videokarta-nvidia-quadro-rtx-a6000-hp-48gb-2s6u3aa-267110.html , https://brigo.ru/upload/iblock/af6/spw605b1cxqh8hhdn2xl6hjo4vml2d0z/1102625.jpg ," PCI-E 4.0, ядро - 1455 МГц, Boost - 1860 МГц, память - 48 Гб GDDR6, 384 бит, 4xDisplayPort, Retail"
EPYC 7702P OEM ,432380, https://brigo.ru/servernyy-protsessor-amd-epyc-7702p-oem-253623.html , https://brigo.ru/upload/iblock/c07/1086548.jpg ," Socket SP3, 64-ядерный, 2000 МГц, Rome, Кэш L2 - 32 Мб, Кэш L3 - 256 Мб, 7 нм, 200 Вт"
Quadro RTX6000 nVidia PCI-E 24576Mb (900-2G150-0040-000) OEM ,447570, https://brigo.ru/professionalnaya-videokarta-nvidia-quadro-rtx6000-nvidia-pci-e-24576mb-900-2g150-0040-000-oem-251310.html , https://brigo.ru/upload/iblock/caf/1081912.jpg ," PCI-E 3.0, ядро - 1275 МГц, Boost - 1620 МГц, память - 24 Гб GDDR6 6501 МГц, 384 бит, OEM"
EPYC 7662 OEM ,457030, https://brigo.ru/servernyy-protsessor-amd-epyc-7662-oem-265744.html , https://brigo.ru/upload/iblock/4bd/1100508.jpg ," Socket SP3, 64-ядерный, 2000 МГц, Rome, Кэш L2 - 32 Мб, Кэш L3 - 256 Мб, 7 нм, 225 Вт"
Quadro RTX A6000 PNY 48Gb (VCNRTXA6000-SB) OEM ,464890, https://brigo.ru/professionalnaya-videokarta-nvidia-quadro-rtx-a6000-pny-48gb-vcnrtxa6000-sb-oem-267111.html , https://brigo.ru/upload/iblock/537/4t2amz74jjmhilqwf99fe23f8uhpk0uw/1102652.jpg ," PCI-E 4.0, ядро - 1455 МГц, Boost - 1860 МГц, память - 48 Гб GDDR6, 384 бит, 4xDisplayPort, OEM"
EPYC 75F3 OEM ,489450, https://brigo.ru/servernyy-protsessor-amd-epyc-75f3-oem-273684.html , https://brigo.ru/upload/iblock/b2b/nv0h0l9apk9alb9negrxhr4z97wq2arw/1108522.jpg ," Socket SP3, 32-ядерный, 2950 МГц, Milan, Кэш L2 - 32 Мб, Кэш L3 - 256 Мб, 7 нм, 280 Вт"
RTX A6000 PNY 48Gb (VCNRTXA6000-PB) ,499030, https://brigo.ru/professionalnaya-videokarta-quadro-rtx-a6000-pny-48gb-vcnrtxa6000-pb-262269.html , https://brigo.ru/upload/iblock/ae4/1096705.jpg ," PCI-E 4.0, ядро - 1455 МГц, Boost - 1860 МГц, память - 48 Гб GDDR6, 384 бит, 4xDisplayPort, Retail"
Xeon Gold 6258R (338-BVKB) ,508950, https://brigo.ru/servernyy-protsessor-dell-xeon-gold-6258r-338-bvkb-265843.html , https://brigo.ru/upload/iblock/644/1099737.jpg ," Socket 3647, 28-ядерный, 2700 МГц, Cascade Lake-SP, Кэш L2 - 28 Мб, Кэш L3 - 38.5 Мб, 14 нм, 205 Вт"
RTX8000 nVidia PCI-E 49152Mb (900-2G150-0050-000) ,520390, https://brigo.ru/professionalnaya-videokarta-quadro-rtx8000-nvidia-pci-e-49152mb-900-2g150-0050-000-254699.html , https://brigo.ru/upload/iblock/269/1087998.jpg ," PCI-E 3.0, память - 48 Гб GDDR6, 384 бит, 4xDisplayPort, Retail"
EPYC 7702 OEM ,637220, https://brigo.ru/servernyy-protsessor-amd-epyc-7702-oem-247454.html , https://brigo.ru/upload/iblock/4d5/1075556.jpg ," Socket SP3, 64-ядерный, 2000 МГц, Rome, Кэш L2 - 32 Мб, Кэш L3 - 256 Мб, 7 нм, 200 Вт"
EPYC 7713 OEM ,642090, https://brigo.ru/servernyy-protsessor-amd-epyc-7713-oem-273685.html , https://brigo.ru/upload/iblock/729/wojkadinnzyucv6xwaq2qwlanv72ylvl/1108138.jpg ," Socket SP3, 64-ядерный, 2000 МГц, Milan, Кэш L2 - 32 Мб, Кэш L3 - 256 Мб, 7 нм, 240 Вт"
EPYC 7H12 OEM ,727010, https://brigo.ru/servernyy-protsessor-amd-epyc-7h12-oem-265746.html , https://brigo.ru/upload/iblock/3e4/1100509.jpg ," Socket SP3, 64-ядерный, 2600 МГц, Rome, Кэш L2 - 32 Мб, Кэш L3 - 256 Мб, 7 нм, 280 Вт"
EPYC 7763 OEM ,737780, https://brigo.ru/servernyy-protsessor-amd-epyc-7763-oem-273686.html , https://brigo.ru/upload/iblock/a76/obq4mp9bh21g6n327p01t1euord7gpmv/1108139.jpg ," Socket SP3, 64-ядерный, 2450 МГц, Milan, Кэш L2 - 32 Мб, Кэш L3 - 256 Мб, 7 нм, 280 Вт"
